Product,URL,Image,Options,Price
10ft SEG Backlit Fabric Display,https://www.b2sign.com/10ft-seg-backlit-fabric-display,https://www.b2sign.com/image/thumb/240305/aqY6pVWy-s1000.jpg,Hardware: Graphic + Frame; Display Option: Single Sided; Size: 10ft Display,1209.89
,,,Hardware: Graphic + Frame; Display Option: Double Sided; Size: 10ft Display,1339.31
,,,Hardware: Graphic Only; Display Option: Single Sided; Size: 10ft Display,129.43
,,,Hardware: Graphic Only; Display Option: Double Sided; Size: 10ft Display,258.85
10x20ft Custom Booth 02,https://www.b2sign.com/10x20ft-custom-booth-02,https://www.b2sign.com/image/thumb/230807/2yH99mrO_s1000.jpg,Hardware: Graphic + Frame,3518.9
,,,Hardware: Graphic Only,2110.9
#2 Self Piercing Brass Grommets (Stimpson) - 500 set,https://www.b2sign.com/2-self-piercing-brass-grommets-stimpson-500-set,https://www.b2sign.com/image/thumb/230731/TVblyzck_s1000.jpg,,53.9
20ft SEG Fabric Display,https://www.b2sign.com/20ft-seg-fabric-display,https://www.b2sign.com/image/thumb/240305/3y2sDaqQ-s1000.jpg,Hardware: Graphic + Frame; Display Option: Single Sided; Size: 20ft Display,879.89
,,,Hardware: Graphic + Frame; Display Option: Double Sided; Size: 20ft Display,1135.25
,,,Hardware: Graphic Only; Display Option: Single Sided; Size: 20ft Display,255.35
,,,Hardware: Graphic Only; Display Option: Double Sided; Size: 20ft Display,510.71
20x20ft Custom Booth A,https://www.b2sign.com/20x20ft-custom-booth-a,https://www.b2sign.com/image/thumb/230807/fkfb46Gu_s1000.jpg,Hardware: Graphic + Frame,13198.9
,,,Hardware: Graphic Only,7918.9
Acrylic Prints,https://www.b2sign.com/acrylic-prints,https://www.b2sign.com/image/thumb/240408/mZCHs9pZ-s1000.jpg,"Size: 16"" x 24""; Acrylic: 1/4"" Plexiglass; Stand off: Included",69.56
,,,"Size: 20"" x 30""; Acrylic: 1/4"" Plexiglass; Stand off: Included",85.79
,,,"Size: 24"" x 36""; Acrylic: 1/4"" Plexiglass; Stand off: Included",103.94
Banner A-Frame 4ft (Hardware Only),https://www.b2sign.com/banner-a-frame-4ft-hardware-only,https://www.b2sign.com/image/thumb/240315/S4GaZ023-s1000.jpg,,104.39
Magnets,https://www.b2sign.com/magnets,https://www.b2sign.com/image/thumb/240306/oIV40VHR-s1000.jpg,"Size: 12"" x 18""; Corner Style: 1/2"" Round Corner; Material: 30mil. Matte Magnet; Print: UV Ink - Matte Finish",8.0
,,,"Size: 12"" x 18""; Corner Style: Straight Corner; Material: 30mil. Matte Magnet; Print: UV Ink - Matte Finish",9.08
,,,"Size: 18"" x 12""; Corner Style: 1/2"" Round Corner; Material: 30mil. Matte Magnet; Print: UV Ink - Matte Finish",9.08
,,,"Size: 18"" x 12""; Corner Style: Straight Corner; Material: 30mil. Matte Magnet; Print: UV Ink - Matte Finish",9.08
,,,"Size: 18"" x 24""; Corner Style: 1/2"" Round Corner; Material: 30mil. Matte Magnet; Print: UV Ink - Matte Finish",18.15
,,,"Size: 18"" x 24""; Corner Style: Straight Corner; Material: 30mil. Matte Magnet; Print: UV Ink - Matte Finish",18.15
,,,"Size: 24"" x 6""; Corner Style: 1/2"" Round Corner; Material: 30mil. Matte Magnet; Print: UV Ink - Matte Finish",8.0
,,,"Size: 24"" x 6""; Corner Style: Straight Corner; Material: 30mil. Matte Magnet; Print: UV Ink - Matte Finish",8.0
,,,"Size: 24"" x 16""; Corner Style: 1/2"" Round Corner; Material: 30mil. Matte Magnet; Print: UV Ink - Matte Finish",16.13
,,,"Size: 24"" x 16""; Corner Style: Straight Corner; Material: 30mil. Matte Magnet; Print: UV Ink - Matte Finish",16.13
,,,"Size: 24"" x 18""; Corner Style: 1/2"" Round Corner; Material: 30mil. Matte Magnet; Print: UV Ink - Matte Finish",18.15
,,,"Size: 24"" x 18""; Corner Style: Straight Corner; Material: 30mil. Matte Magnet; Print: UV Ink - Matte Finish",18.15
,,,"Size: 24"" x 24""; Corner Style: 1/2"" Round Corner; Material: 30mil. Matte Magnet; Print: UV Ink - Matte Finish",24.2
,,,"Size: 24"" x 24""; Corner Style: Straight Corner; Material: 30mil. Matte Magnet; Print: UV Ink - Matte Finish",24.2
,,,"Size: 24"" x 36""; Corner Style: 1/2"" Round Corner; Material: 30mil. Matte Magnet; Print: UV Ink - Matte Finish",36.3
,,,"Size: 24"" x 36""; Corner Style: Straight Corner; Material: 30mil. Matte Magnet; Print: UV Ink - Matte Finish",36.3
,,,"Size: 36"" x 24""; Corner Style: 1/2"" Round Corner; Material: 30mil. Matte Magnet; Print: UV Ink - Matte Finish",36.3
,,,"Size: 36"" x 24""; Corner Style: Straight Corner; Material: 30mil. Matte Magnet; Print: UV Ink - Matte Finish",36.3
,,,"Size: Custom Sizes; Corner Style: 1/2"" Round Corner; Material: 30mil. Matte Magnet; Print: UV Ink - Matte Finish",8.0
,,,Size: Custom Sizes; Corner Style: Straight Corner; Material: 30mil. Matte Magnet; Print: UV Ink - Matte Finish,8.0
Poster Stand,https://www.b2sign.com/poster-stand,https://www.b2sign.com/image/thumb/240326/PL4aoNCf-s1000.jpg,"Hardware: Stand + Graphic; Graphic Size: 22"" x 28""; Graphic: Double Sided; Material: 1/8"" white PVC",82.49
,,,"Hardware: Graphic Only; Graphic Size: 22"" x 28""; Graphic: Double Sided; Material: 1/8"" white PVC",25.88
Real Estate Post,https://www.b2sign.com/real-estate-post,https://www.b2sign.com/image/thumb/240305/Z64DHb88-s1000.jpg,"Hardware: Post + Sign; Size: 24"" x 18"" (Small Post); Graphic: Double Sided; Holes Punch: Included; Rider: No Rider",108.17
,,,"Hardware: Post + Sign; Size: 24"" x 18"" (Small Post); Graphic: Double Sided; Holes Punch: Included; Rider: 24"" x 6"" Rider Sign",116.97
,,,"Hardware: Post + Sign; Size: 24"" x 24"" (Small Post); Graphic: Double Sided; Holes Punch: Included; Rider: No Rider",111.84
,,,"Hardware: Post + Sign; Size: 24"" x 24"" (Small Post); Graphic: Double Sided; Holes Punch: Included; Rider: 24"" x 6"" Rider Sign",120.64
,,,"Hardware: Post + Sign; Size: 24"" x 30"" (Small Post); Graphic: Double Sided; Holes Punch: Included; Rider: No Rider",115.51
,,,"Hardware: Post + Sign; Size: 24"" x 30"" (Small Post); Graphic: Double Sided; Holes Punch: Included; Rider: 24"" x 6"" Rider Sign",124.31
,,,"Hardware: Post + Sign; Size: 24"" x 36"" (Small Post); Graphic: Double Sided; Holes Punch: Included; Rider: No Rider",117.34
,,,"Hardware: Post + Sign; Size: 24"" x 36"" (Small Post); Graphic: Double Sided; Holes Punch: Included; Rider: 24"" x 6"" Rider Sign",126.14
,,,"Hardware: Post + Sign; Size: 36"" x 24"" (Large Post); Graphic: Double Sided; Holes Punch: Included; Rider: No Rider",117.34
,,,"Hardware: Post + Sign; Size: 36"" x 24"" (Large Post); Graphic: Double Sided; Holes Punch: Included; Rider: 24"" x 6"" Rider Sign",117.34
,,,"Hardware: Post + Sign; Size: 36"" x 36"" (Large Post); Graphic: Double Sided; Holes Punch: Included; Rider: No Rider",126.14
,,,"Hardware: Post + Sign; Size: 36"" x 36"" (Large Post); Graphic: Double Sided; Holes Punch: Included; Rider: 24"" x 6"" Rider Sign",126.14
,,,"Hardware: Post + Sign; Size: 36"" x 48"" (Large Post); Graphic: Double Sided; Holes Punch: Included; Rider: No Rider",134.9
,,,"Hardware: Post + Sign; Size: 36"" x 48"" (Large Post); Graphic: Double Sided; Holes Punch: Included; Rider: 24"" x 6"" Rider Sign",134.9
,,,"Hardware: Sign Only; Size: 24"" x 18"" (Small Post); Graphic: Double Sided; Holes Punch: Included; Rider: No Rider",22.33
,,,"Hardware: Sign Only; Size: 24"" x 18"" (Small Post); Graphic: Double Sided; Holes Punch: Included; Rider: 24"" x 6"" Rider Sign",31.13
,,,"Hardware: Sign Only; Size: 24"" x 24"" (Small Post); Graphic: Double Sided; Holes Punch: Included; Rider: No Rider",29.59
,,,"Hardware: Sign Only; Size: 24"" x 24"" (Small Post); Graphic: Double Sided; Holes Punch: Included; Rider: 24"" x 6"" Rider Sign",38.39
,,,"Hardware: Sign Only; Size: 24"" x 30"" (Small Post); Graphic: Double Sided; Holes Punch: Included; Rider: No Rider",36.85
,,,"Hardware: Sign Only; Size: 24"" x 30"" (Small Post); Graphic: Double Sided; Holes Punch: Included; Rider: 24"" x 6"" Rider Sign",45.65
,,,"Hardware: Sign Only; Size: 24"" x 36"" (Small Post); Graphic: Double Sided; Holes Punch: Included; Rider: No Rider",44.11
,,,"Hardware: Sign Only; Size: 24"" x 36"" (Small Post); Graphic: Double Sided; Holes Punch: Included; Rider: 24"" x 6"" Rider Sign",52.91
,,,"Hardware: Sign Only; Size: 36"" x 24"" (Large Post); Graphic: Double Sided; Holes Punch: Included; Rider: No Rider",44.11
,,,"Hardware: Sign Only; Size: 36"" x 24"" (Large Post); Graphic: Double Sided; Holes Punch: Included; Rider: 24"" x 6"" Rider Sign",44.11
,,,"Hardware: Sign Only; Size: 36"" x 36"" (Large Post); Graphic: Double Sided; Holes Punch: Included; Rider: No Rider",65.89
,,,"Hardware: Sign Only; Size: 36"" x 36"" (Large Post); Graphic: Double Sided; Holes Punch: Included; Rider: 24"" x 6"" Rider Sign",65.89
,,,"Hardware: Sign Only; Size: 36"" x 48"" (Large Post); Graphic: Double Sided; Holes Punch: Included; Rider: No Rider",87.67
,,,"Hardware: Sign Only; Size: 36"" x 48"" (Large Post); Graphic: Double Sided; Holes Punch: Included; Rider: 24"" x 6"" Rider Sign",87.67
Teardrop Pole Set,https://www.b2sign.com/teardrop-pole?pole_size=xlarge,https://www.b2sign.com/image/thumb/240424/3mYahtTd-s1000.jpg,Pole Size: XLarge,31.9
,,,Pole Size: Small,22.0
,,,Pole Size: Medium,25.3
,,,Pole Size: Large,28.6
Event Tent Hardware Only,https://www.b2sign.com/tent-frame,https://www.b2sign.com/image/thumb/240325/biqehwDA-s1000.jpg,,218.9
X-Stand (Hardware Only),https://www.b2sign.com/x-stand-hardware-only,https://www.b2sign.com/image/thumb/240407/xLolilx0-s1000.jpg,"Hardware: 32"" x 71""",25.85
,,,"Hardware: 24"" x 63""",19.24
Flag Holder Hardware,https://www.b2sign.com/flag-holder-hardware,https://www.b2sign.com/image/thumb/240408/8Siu8ijj-s1000.jpg,Hardware: Flag Attachment + 2 Hex Clamps,43.99
,,,Hardware: Flag Attachment Only,21.99
,,,Hardware: 2 Hex Clamps Only,21.99
8ft Straight Tension Fabric Display (Hardware Only),https://www.b2sign.com/8ft-straight-tension-fabric-display-hardware-only,https://www.b2sign.com/image/thumb/240326/PR1lYOU5-s1000.jpg,,193.04
Deluxe Retractable,https://www.b2sign.com/deluxe-retractable,https://www.b2sign.com/image/thumb/240325/sefWElK8-s1000.jpg,"Hardware: Stand + Insert; Size: 33"" x 81"" Single Sided; Insert: UV Printed Fabric
(Recommended); LED Light: No",82.49
,,,"Hardware: Stand + Insert; Size: 33"" x 81"" Single Sided; Insert: UV Printed Fabric
(Recommended); LED Light: 1 LED Light",120.98
,,,"Hardware: Stand + Insert; Size: 33"" x 81"" Single Sided; Insert: UV Printed Matte Banner; LED Light: No",98.99
,,,"Hardware: Stand + Insert; Size: 33"" x 81"" Single Sided; Insert: UV Printed Matte Banner; LED Light: 1 LED Light",137.48
,,,"Hardware: Stand + Insert; Size: 33"" x 81"" Double Sided; Insert: UV Printed Fabric
(Recommended); LED Light: No",203.56
,,,"Hardware: Stand + Insert; Size: 33"" x 81"" Double Sided; Insert: UV Printed Fabric
(Recommended); LED Light: 1 LED Light",203.56
,,,"Hardware: Stand + Insert; Size: 33"" x 81"" Double Sided; Insert: UV Printed Matte Banner; LED Light: No",203.56
,,,"Hardware: Stand + Insert; Size: 33"" x 81"" Double Sided; Insert: UV Printed Matte Banner; LED Light: 1 LED Light",203.56
,,,"Hardware: Insert Only; Size: 33"" x 81"" Single Sided; Insert: UV Printed Fabric
(Recommended); LED Light: No",32.99
,,,"Hardware: Insert Only; Size: 33"" x 81"" Single Sided; Insert: UV Printed Fabric
(Recommended); LED Light: 1 LED Light",32.99
,,,"Hardware: Insert Only; Size: 33"" x 81"" Single Sided; Insert: UV Printed Matte Banner; LED Light: No",32.99
,,,"Hardware: Insert Only; Size: 33"" x 81"" Single Sided; Insert: UV Printed Matte Banner; LED Light: 1 LED Light",32.99
,,,"Hardware: Insert Only; Size: 33"" x 81"" Double Sided; Insert: UV Printed Fabric
(Recommended); LED Light: No",65.99
,,,"Hardware: Insert Only; Size: 33"" x 81"" Double Sided; Insert: UV Printed Fabric
(Recommended); LED Light: 1 LED Light",65.99
,,,"Hardware: Insert Only; Size: 33"" x 81"" Double Sided; Insert: UV Printed Matte Banner; LED Light: No",65.99
,,,"Hardware: Insert Only; Size: 33"" x 81"" Double Sided; Insert: UV Printed Matte Banner; LED Light: 1 LED Light",65.99
Snap Poster Hanger Hardware Only,https://www.b2sign.com/snap-poster-hanger-hardware,https://www.b2sign.com/image/thumb/240404/ngcmAv5w-s1000.jpg,"Graphic Width: 24""",13.2
,,,"Graphic Width: 36""",18.7
,,,"Graphic Width: 48""",29.7
10x20ft Custom Booth Q,https://www.b2sign.com/10x20ft-custom-booth-q,https://www.b2sign.com/image/thumb/230807/NnqHMbZo_s1000.jpg,Hardware: Graphic + Frame,4398.9
,,,Hardware: Graphic Only,2638.9
10x10ft Custom Booth E,https://www.b2sign.com/10x10ft-custom-booth-e,https://www.b2sign.com/image/thumb/230807/YEDrJWTd_s1000.jpg,Hardware: Graphic + Frame,2528.9
,,,Hardware: Graphic Only,1516.9
10x10ft Custom Booth O,https://www.b2sign.com/10x10ft-custom-booth-o,https://www.b2sign.com/image/thumb/230806/cOBGPHan_s1000.jpg,Hardware: Graphic + Frame,2088.9
,,,Hardware: Graphic Only,1252.9
