4 x 6 ft. Aspen SEG Fabric Frame Single-Sided (Graphic Package),https://www.wsdisplay.com/Aspen-4-Width-x-6-Height-Graphic-Package-Single-Sided,https://www.wsdisplay.com/assets/images/products/Aspen-4-Width-x-6-Height-Graphic-Package-Single-Sided_1.jpg?resizeid=5&resizeh=1000&resizew=1000,N/A,$277.00,,,,,
,,,,,,,,,
Modco Straight Frame w/Corner Screw Connect (992x1984),https://www.wsdisplay.com/Modco-Straight-Frame-w-Corner-Screw-Connect-992x1984,,N/A,'1-1,'2-9,'10-24,'25-99,'100-299,300 +
,,,,$276.00,$265.00,$254.00,$243.00,$233.00,$211.00
QSEG Tradeshow Configurations C,https://www.wsdisplay.com/QSEG-Tradeshow-Configurations-C,https://www.wsdisplay.com/assets/images/products/QSEG-Tradeshow-Configurations-C_01.default.jpg?resizeid=5&resizeh=1000&resizew=1000,"Graphic Only,",$269.00,,,,,
,,,,,,,,,
,,,"Graphic Package,",$829.00,,,,,
,,,,,,,,,
,,,"Hardware Only,",$539.00,,,,,
,,,,,,,,,
4 x 3 ft. Aspen SEG Fabric Frame (Hardware Only),https://www.wsdisplay.com/Aspen-Fabric-Frame-4-Width-x-3-Height,,N/A,$106.00,,,,,
,,,,,,,,,
Vail 7ft. X 5ft. Single-Sided Non-Backlit Graphic Only,https://www.wsdisplay.com/VAILNBL-7-x-5-Single-Sided-Graphic-Only,,N/A,$180.00,,,,,
,,,,,,,,,
Modco Corner Post 62mm Spacer,https://www.wsdisplay.com/Modco-Corner-Post-62mm-Spacer,https://www.wsdisplay.com/assets/images/products/Modco-Corner-Post-62mm-Spacer_01.jpg?resizeid=5&resizeh=1000&resizew=1000,N/A,$16.00,,,,,
,,,,,,,,,
7.5 x 7.5 ft. Lumiere Light Wall Backlit Single-Sided (Graphic Package),https://www.wsdisplay.com/Lumiere-Light-Wall-7.5ft-x-7.5ft-Single-Sided-Graphic-Package-Backlit,https://www.wsdisplay.com/assets/images/products/Lumiere-Light-Wall-7.5ft-x-7.5ft-Single-Sided-Graphic-Package-Backlit_1.jpg?resizeid=5&resizeh=1000&resizew=1000,N/A,'1-1,'2-9,'10-24,'25-99,'100-299,300 +
,,,,"$1,259.00","$1,204.00","$1,149.00","$1,094.00","$1,039.00",$984.00
12 x 5 ft. Hanging Banner Football Double-Sided (Graphic Package),https://www.wsdisplay.com/12ft-Football-Hanging-Banner-60in-Inside-Outside-Graphic-Package,,N/A,$660.00,,,,,
,,,,,,,,,
20 x 4 ft. Hanging Banner Square (Hardware Only),https://www.wsdisplay.com/20ft-Square-Hanging-Banner-48in-Frame-Only,,N/A,"$1,260.00",,,,,
,,,,,,,,,
Vail 6ft. X 5ft. Double-Sided Non-Backlit Graphic Only,https://www.wsdisplay.com/VAILNBL-6-x-5-Double-Sided-Graphic-Only,,N/A,$232.00,,,,,
,,,,,,,,,
Classic Banner Stand Medium 24 in. Silver with Travel Base,https://www.wsdisplay.com/Classic-Banner-Stand-Medium-24-in-Silver-with-Travel-Base,,N/A,'1-29,30 +,,,,
,,,,$94.00,$87.00,,,,
Modco 7C - Tower (Graphic Package),https://www.wsdisplay.com/Modco-7C-Tower-Graphic-Package,https://www.wsdisplay.com/assets/images/products/Modco-7C-Tower-Graphic-Package_01.jpg?resizeid=5&resizeh=1000&resizew=1000,N/A,"$8,569.00",,,,,
,,,,,,,,,
10 ft. EZ Tube Connect Straight Top Double-Sided (Graphic Package),https://www.wsdisplay.com/EZ-Tube-Connect-10ft-Straight-Top-Double-sided-Graphic-Packages,https://www.wsdisplay.com/assets/images/products/EZ-Tube-Connect-10ft-Straight-Top-Double-sided-Graphic-Packages_1.jpg?resizeid=5&resizeh=1000&resizew=1000,N/A,'1-9,'10-29,'30-74,'75-99,'100-299,300 +
,,,,$377.00,$366.00,$353.00,$340.00,$327.00,$315.00
10 x 3.5 ft. Hanging Banner Tapered Square Double-Sided (Graphic Package),https://www.wsdisplay.com/10ft-Tapered-Square-Hanging-Banner-42in-Inside-Outside-Graphic-Package,,N/A,"$2,007.00",,,,,
,,,,,,,,,
ONE CHOICE Kit 1,https://www.wsdisplay.com/One-Choice-Kit-1,https://www.wsdisplay.com/assets/images/products/One-Choice-Kit-1_1.jpg?resizeid=5&resizeh=1000&resizew=1000,N/A,$692.00,,,,,
,,,,,,,,,
VAIL 120DB 3 ft. x 8 ft. Single-Sided Graphic Package Edge Lit,https://www.wsdisplay.com/VAIL-120DB-3-x-8-Single-Sided-Graphic-Package,,N/A,$832.00,,,,,
,,,,,,,,,
Vail 6ft. X 9ft. Double-Sided Non-Backlit Graphic Only,https://www.wsdisplay.com/VAILNBL-6-x-9-Double-Sided-Graphic-Only,,N/A,$415.00,,,,,
,,,,,,,,,
24 x 62 in. Small Econom-X Banner Stand (Graphic Package),https://www.wsdisplay.com/Econom-X-Banner-Stand-Small-Graphic-Package,https://www.wsdisplay.com/assets/images/products/Econom-X-Banner-Stand-Small-Graphic-Package_1.jpg?resizeid=5&resizeh=1000&resizew=1000,N/A,'1-1,'2-9,'10-24,'25-99,'100-299,300 +
,,,,$35.00,$32.00,$31.00,$30.00,$29.00,$27.00
2 x 4 ft. Aspen SEG Fabric Frame (Hardware Only),https://www.wsdisplay.com/Aspen-Fabric-Frame-2-Width-x-4-Height,,N/A,$94.00,,,,,
,,,,,,,,,
10 ft. EZ Tube Connect Straight Top Single-Sided White Back Fabric (Graphic Only),https://www.wsdisplay.com/EZ-Tube-Connect-10ft-Straight-Top-Single-sided-White-Back-Fabric-Graphic-Only,,N/A,'1-9,'10-29,'30-74,'75-99,'100-299,300 +
,,,,$162.00,$157.00,$152.00,$147.00,$142.00,$137.00
3 Wall Mounts for Resort Extrusions,https://www.wsdisplay.com/Aspen-Fabric-Accessories-Wall-Mount-Qty3,https://www.wsdisplay.com/assets/images/products/Aspen-Fabric-Accessories-Wall-Mount-Qty3_1.jpg?resizeid=5&resizeh=1000&resizew=1000,N/A,$6.00,,,,,
,,,,,,,,,
8 x 8 ft. Slider Banner (Graphic Only),https://www.wsdisplay.com/Slider-Banner-Stand-8-x-8-Graphic-Only,,N/A,'1-1,'2-9,'10-24,'25-99,'100-299,300 +
,,,,$99.00,$93.00,$90.00,$86.00,$84.00,$78.00
Custom Towels,https://www.wsdisplay.com/Beach-Towels,https://www.wsdisplay.com/assets/images/products/Beach-Towels_60%20x%2030%20in%20Beach%20Towel-01.jpg?resizeid=5&resizeh=1000&resizew=1000,"36 x 12 in Cooling Towel Qty 4,",'1-1,'2-9,'10-24,'25-99,'100-299,300 +
,,,,$14.00,$13.00,$12.00,$11.00,$10.00,$9.00
,,,"16 x 25 in Golf Towel Qty 2,",'1-1,'2-9,'10-24,'25-99,'100-299,300 +
,,,,$18.00,$17.00,$16.00,$15.00,$14.00,$13.00
,,,"60 x 30 in Beach Towel,",'1-1,'2-9,'10-24,'25-99,'100-299,300 +
,,,,$30.00,$27.00,$24.00,$21.00,$18.00,$15.00
,,,"60 in Diameter Round Beach Towel,",'1-1,'2-9,'10-24,'25-99,'100-299,300 +
,,,,$45.00,$42.00,$39.00,$36.00,$33.00,$30.00
VAIL 40D 6 ft. x 5 ft. - Double-Sided Graphic Only,https://www.wsdisplay.com/VAIL-40D-6-x-5-Double-Sided-Graphic-Only,,N/A,$232.00,,,,,
,,,,,,,,,
3 x 8 ft. Aspen SEG Fabric Frame Double-Sided (Graphic Package),https://www.wsdisplay.com/Aspen-3-Width-x-8-Height-Graphic-Package-Double-Sided,,N/A,$347.00,,,,,
,,,,,,,,,
Dye Backlit Fabric Full Color Print (price/sq.ft.),https://www.wsdisplay.com/UV-Backlit-Fabric-Price-1-sq-ft,,N/A,$4.00,,,,,
,,,,,,,,,
Lumiere Counter Single-Sided (Graphic Only),https://www.wsdisplay.com/Lumiere-Counter-Graphic-Only-Non-Backlit,,N/A,'1-1,'2-9,'10-24,'25-99,'100-299,300 +
,,,,$44.00,$40.00,$36.00,$32.00,$28.00,$24.00
Mesh Flags,https://www.wsdisplay.com/Mesh-Flags,https://www.wsdisplay.com/assets/images/products/Mesh-Flags_01.default.jpg?resizeid=5&resizeh=1000&resizew=1000,"Single Sided, 3 x 2,",$12.00,,,,,
,,,,,,,,,
,,,"Single Sided, 5 x 3,",$30.00,,,,,
,,,,,,,,,
,,,"Single Sided, 6 x 4,",$48.00,,,,,
,,,,,,,,,
,,,"Double Sided, 3 x 2,",$18.00,,,,,
,,,,,,,,,
,,,"Double Sided, 5 x 3,",$45.00,,,,,
,,,,,,,,,
,,,"Double Sided, 6 x 4,",$72.00,,,,,
,,,,,,,,,
Lumiere Light Wall Door (Graphic Only),https://www.wsdisplay.com/Lumiere-Light-Wall-Door-Graphic-Only,,N/A,'1-1,'2-9,'10-24,'25-99,'100-299,300 +
,,,,$79.00,$77.00,$75.00,$73.00,$72.00,$70.00
3 x 4 ft. Aspen SEG Fabric Frame Single-Sided (Graphic Only),https://www.wsdisplay.com/Aspen-3-Width-x-4-Graphic-Only-Single-Sided,,N/A,$62.00,,,,,
,,,,,,,,,
Yeti Side Foot for Resort Extrusions,https://www.wsdisplay.com/Yeti-Side-Foot-for-Resort-Extrusions,,N/A,'1-1,'2-6,'7-14,'15-30,31 +,
,,,,$57.00,$54.00,$53.00,$49.00,$48.00,
EZ Fabric Counter S-Shape,https://www.wsdisplay.com/EZ-Fabric-Counter-S-Shape,https://www.wsdisplay.com/assets/images/products/EZ-Fabric-Counter-S-Shape_Graphic%20Package-01.jpg?resizeid=5&resizeh=1000&resizew=1000,Graphic Only,'1-1,'2-9,'10-24,'25-99,'100-299,300 +
,,,,$211.00,$200.00,$188.00,$178.00,$166.00,$155.00
,,,Graphic Package,'1-1,'2-9,'10-24,'25-99,'100-299,300 +
,,,,$668.00,$644.00,$623.00,$599.00,$577.00,$555.00
,,,Hardware Only,'1-1,'2-9,'10-24,'25-99,'100-299,300 +
,,,,$456.00,$447.00,$435.00,$423.00,$412.00,$400.00
13 ft.Tahoe Twistlock Y (Graphic Only),https://www.wsdisplay.com/Tahoe-Twistlock-13FT-Graphic-Only,,N/A,'1-1,'2-9,'10-24,'25-99,'100-299,300 +
,,,,$141.00,$134.00,$128.00,$121.00,$115.00,$108.00
4 ft. Table Runner Backless Dye Sub Print,https://www.wsdisplay.com/Table-Runner-4ft-Backless-Custom-Print,https://www.wsdisplay.com/assets/images/products/Table-Runner-4ft-Backless-Custom-Print_1.jpg?resizeid=5&resizeh=1000&resizew=1000,N/A,'1-1,'2-9,'10-24,'25-99,'100-299,300 +
,,,,$43.00,$40.00,$37.00,$34.00,$31.00,$28.00
4 ft. Fitted Table Throw 3-sided with Custom Print,https://www.wsdisplay.com/4ft-Fitted-Table-Throw-3-sided-with-Custom-Print,https://www.wsdisplay.com/assets/images/products/4ft-Fitted-Table-Throw-3-sided-with-Custom-Print_1.jpg?resizeid=5&resizeh=1000&resizew=1000,N/A,'1-1,'2-9,'10-24,'25-99,'100-299,300 +
,,,,$81.00,$76.00,$73.00,$70.00,$65.00,$61.00
20 x 10 ft. Modco 15 (Graphic Package),https://www.wsdisplay.com/Modco-Modular-15-20x10-Graphic-Package,https://www.wsdisplay.com/assets/images/products/Modco-Modular-15-20x10-Graphic-Package_1.jpg?resizeid=5&resizeh=1000&resizew=1000,N/A,"$12,699.00",,,,,
,,,,,,,,,
Classic Banner Stand Medium Black with Travel Base (Stand Only),https://www.wsdisplay.com/Classic-Banner-Stand-Medium-Black-with-Travel-Base-Stand-Only,,N/A,'1-29,30 +,,,,
,,,,$94.00,$87.00,,,,
Side Foot for Aspen - Clearance Item,https://www.wsdisplay.com/Aspen-Fabric-Frame-System-Accessories-1-Side-Foot,,N/A,'1-1,'2-9,'10-24,'25-49,'50-99,100 +
,,,,$30.00,$29.00,$28.00,$27.00,$26.00,$25.00
Modco Straight Frame w/Corner Screw Connect (992x992),https://www.wsdisplay.com/Modco-Straight-Frame-w-Corner-Screw-Connect-992x992,https://www.wsdisplay.com/assets/images/products/Modco-Straight-Frame-w-Corner-Screw-Connect-992x992_1.jpg?resizeid=5&resizeh=1000&resizew=1000,N/A,'1-1,'2-9,'10-24,'25-99,'100-299,300 +
,,,,$196.00,$188.00,$181.00,$173.00,$166.00,$151.00
3 x 8 ft. Aspen SEG Fabric Frame Double-Sided (Graphic Only),https://www.wsdisplay.com/Aspen-3-Width-x-8-Height-Graphic-Only-Double-Sided,,N/A,$185.00,,,,,
,,,,,,,,,
ONE CHOICE Fitted Table Throw,https://www.wsdisplay.com/ONE-CHOICE-Fitted-Table-Throw,https://www.wsdisplay.com/assets/images/products/ONE-CHOICE-Fitted-Table-Throw_01.default.jpg?resizeid=5&resizeh=1000&resizew=1000,"6 ft,",'1-1,'2-9,'10-24,'25-99,'100-299,300 +
,,,,$75.00,$71.00,$65.00,$60.00,$56.00,$50.00
,,,"8 ft,",'1-1,'2-9,'10-24,'25-99,'100-299,300 +
,,,,$84.00,$77.00,$73.00,$69.00,$62.00,$58.00
10 x 3.5 ft. Hanging Banner Tapered Circle Single-Sided (Graphic Package),https://www.wsdisplay.com/10ft-Tapered-Circle-Hanging-Banner-42in-Outside-Graphic-Package,https://www.wsdisplay.com/assets/images/products/10ft-Tapered-Circle-Hanging-Banner-42in-Outside-Graphic-Package_1.jpg?resizeid=5&resizeh=1000&resizew=1000,N/A,"$1,102.00",,,,,
,,,,,,,,,
10 ft. EZ Tube Straight,https://www.wsdisplay.com/EZ-Tube-10-Ft-Straight,https://www.wsdisplay.com/assets/images/products/EZ-Tube-10-Ft-Straight_Graphic%20Package-01.default.jpg?resizeid=5&resizeh=1000&resizew=1000,"Graphic Only, Double Sided,",'1-1,'2-9,'10-24,'25-99,'100-299,300 +
,,,,$391.00,$366.00,$339.00,$312.00,$287.00,$260.00
,,,"Graphic Only, Single Sided with White Back Fabric,",'1-1,'2-9,'10-24,'25-99,'100-299,300 +
,,,,$240.00,$231.00,$220.00,$210.00,$200.00,$189.00
,,,"Graphic Only, Single Sided with Black Back Fabric,",'1-1,'2-9,'10-24,'25-99,'100-299,300 +
,,,,$240.00,$231.00,$220.00,$210.00,$200.00,$189.00
,,,"Graphic Package, Double Sided,",'1-1,'2-9,'10-24,'25-99,'100-299,300 +
,,,,$655.00,$621.00,$587.00,$553.00,$519.00,$484.00
,,,"Graphic Package, Single Sided with White Back Fabric,",'1-1,'2-9,'10-24,'25-99,'100-299,300 +
,,,,$503.00,$485.00,$468.00,$451.00,$434.00,$415.00
,,,"Graphic Package, Single Sided with Black Back Fabric,",'1-1,'2-9,'10-24,'25-99,'100-299,300 +
,,,,$503.00,$485.00,$468.00,$451.00,$434.00,$415.00
Modco Curved Frame Welded 774x496(R1/4),https://www.wsdisplay.com/Modco-Curved-Frame-Welded-774x496R1-4,,N/A,'1-1,'2-9,'10-24,'25-99,'100-299,300 +
,,,,$234.00,$225.00,$216.00,$208.00,$199.00,$180.00
20 x 10 ft. Modco 10 (Graphic Package),https://www.wsdisplay.com/Modco-Modular-10-20x10-Graphic-Package,https://www.wsdisplay.com/assets/images/products/Modco-Modular-10-20x10-Graphic-Package_1.jpg?resizeid=5&resizeh=1000&resizew=1000,N/A,"$6,599.00",,,,,
,,,,,,,,,
Modco Monitor Mount,https://www.wsdisplay.com/Modco-Monitor-Mount,https://www.wsdisplay.com/assets/images/products/Modco-Monitor-Mount_1.jpg?resizeid=5&resizeh=1000&resizew=1000,N/A,'1-1,'2-9,'10-24,'25-99,'100-299,300 +
,,,,$99.00,$95.00,$91.00,$87.00,$83.00,$79.00
10 x 10 ft. Modco 19 (Graphic Package),https://www.wsdisplay.com/Modco-Modular-19-10x10-Graphic-Package,https://www.wsdisplay.com/assets/images/products/Modco-Modular-19-10x10-Graphic-Package_01.jpg?resizeid=5&resizeh=1000&resizew=1000,N/A,"$5,199.00",,,,,
,,,,,,,,,
10 x 7.5 ft. Lumiere Light Wall Double-Sided No Lights (Graphic Package),https://www.wsdisplay.com/Lumiere-Light-Wall-4x3-No-Lights-Double-Sided-Graphic-Package,https://www.wsdisplay.com/assets/images/products/Lumiere-Light-Wall-4x3-No-Lights-Double-Sided-Graphic-Package_1.jpg?resizeid=5&resizeh=1000&resizew=1000,N/A,'1-1,'2-9,'10-24,'25-99,'100-299,300 +
,,,,$599.00,$568.00,$537.00,$506.00,$475.00,$443.00
10 x 3.5 ft. Hanging Banner Tapered Circle Single-Sided (Graphic Only),https://www.wsdisplay.com/10ft-Tapered-Circle-Hanging-Banner-42in-Graphic-Only,https://www.wsdisplay.com/assets/images/products/10ft-Tapered-Circle-Hanging-Banner-42in-Graphic-Only_1.jpg?resizeid=5&resizeh=1000&resizew=1000,N/A,$787.00,,,,,
,,,,,,,,,
36 x 83.5 in. L Banner Stand Super Flat Vinyl (Graphic Only),https://www.wsdisplay.com/L36-Banner-Stand-36-x-83-5-SUPER-FLAT-Graphic-Only,,N/A,'1-1,'2-9,'10-24,'25-99,'100-299,300 +
,,,,$42.00,$39.00,$36.00,$33.00,$30.00,$27.00
5 x 7.5 ft. Lumiere Light Wall Backlit Single-Sided (Graphic Package),https://www.wsdisplay.com/Lumiere-Light-Wall-5-ft.-x-7.5-ft.-Single-Sided-Graphic-Package-Backlit,https://www.wsdisplay.com/assets/images/products/Lumiere-Light-Wall-5-ft.-x-7.5-ft.-Single-Sided-Graphic-Package-Backlit_1.jpg?resizeid=5&resizeh=1000&resizew=1000,N/A,'1-1,'2-9,'10-24,'25-99,'100-299,300 +
,,,,$999.00,$953.00,$907.00,$861.00,$815.00,$769.00
10 x 4 ft. Hanging Banner Tapered Triangle (Hardware Only),https://www.wsdisplay.com/10ft-Tapered-Triangle-Hanging-Banner-48in,,N/A,$377.00,,,,,
,,,,,,,,,
36 x 83.5 in. L Banner Stand Super Flat Vinyl (Graphic Package),https://www.wsdisplay.com/L36-Banner-Stand-36-x-83-5-SUPER-FLAT-Graphic-Package-Stand-Graphic,https://www.wsdisplay.com/assets/images/products/L36-Banner-Stand-36-x-83-5-SUPER-FLAT-Graphic-Package-Stand-Graphic_1.jpg?resizeid=5&resizeh=1000&resizew=1000,N/A,'1-1,'2-9,'10-24,'25-99,'100-299,300 +
,,,,$69.00,$65.00,$61.00,$57.00,$53.00,$49.00
4 ft. Fitted Table Throw 4-sided with Custom Print,https://www.wsdisplay.com/4ft-Fitted-Table-Throw-4-sided-with-Custom-Print,https://www.wsdisplay.com/assets/images/products/4ft-Fitted-Table-Throw-4-sided-with-Custom-Print_1.jpg?resizeid=5&resizeh=1000&resizew=1000,N/A,'1-1,'2-9,'10-24,'25-99,'100-299,300 +
,,,,$85.00,$81.00,$76.00,$73.00,$70.00,$65.00
EZ Tube Connect 10 ft. Kit E (3 x 4 x 3 ft.),https://www.wsdisplay.com/10-ft.-Kit-E-EZ-Tube-Connect,https://www.wsdisplay.com/assets/images/products/10-ft.-Kit-E-EZ-Tube-Connect_01.default.jpg?resizeid=5&resizeh=1000&resizew=1000,"Double Sided Graphic Only,",$222.00,,,,,
,,,,,,,,,
,,,"Double Sided Graphic Package,",$641.00,,,,,
,,,,,,,,,
,,,"Hardware Only,",$419.00,,,,,
,,,,,,,,,
,,,"Single Sided Graphic Only,",$198.00,,,,,
,,,,,,,,,
,,,"Single Sided Graphic Package,",$617.00,,,,,
,,,,,,,,,
VAIL 120DB 8 ft. x 8 ft. Frame Only Edge Lit,https://www.wsdisplay.com/VAIL-120DB-8-x-8-Frame-Only,,N/A,"$1,125.00",,,,,
,,,,,,,,,
Classic Banner Stand Medium 24 in. Silver (Stand Only),https://www.wsdisplay.com/Classic-Banner-Stand-Medium-24-in-Silver-Stand-Only,,N/A,'1-29,30 +,,,,
,,,,$94.00,$87.00,,,,
5 ft. EZ Tube Connect Slanted Top Left,https://www.wsdisplay.com/5-ft.-EZ-Tube-Connect-Slanted-Top-Left,https://www.wsdisplay.com/assets/images/products/5-ft.-EZ-Tube-Connect-Slanted-Top-Left_01.default.jpg?resizeid=5&resizeh=1000&resizew=1000,"Double Sided Graphic Only,",'1-9,'10-29,'30-74,'75-99,'100-299,300 +
,,,,$100.00,$98.00,$93.00,$91.00,$89.00,$87.00
,,,"Double Sided Graphic Package,",'1-9,'10-29,'30-74,'75-99,'100-299,300 +
,,,,$189.00,$185.00,$180.00,$175.00,$170.00,$165.00
,,,"Single Sided Graphic Only,",'1-9,'10-29,'30-74,'75-99,'100-299,300 +
,,,,$87.00,$84.00,$78.00,$75.00,$72.00,$69.00
,,,"Single Sided Graphic Package,",'1-9,'10-29,'30-74,'75-99,'100-299,300 +
,,,,$178.00,$171.00,$165.00,$158.00,$152.00,$146.00
SEGO Modular Lightbox Display Configuration G Double-Sided (Graphic Package),https://www.wsdisplay.com/SEGO-Configuration-G-15x10-Graphic-Package,https://www.wsdisplay.com/assets/images/products/SEGO-Configuration-G-15x10-Graphic-Package_01.jpg?resizeid=5&resizeh=1000&resizew=1000,N/A,"$4,557.00",,,,,
,,,,,,,,,
10 x 4 ft. Hanging Banner Tapered Triangle Single-Sided (Graphic Package),https://www.wsdisplay.com/10ft-Tapered-Triangle-Hanging-Banner-48in-Outside-Graphic-Package,https://www.wsdisplay.com/assets/images/products/10ft-Tapered-Triangle-Hanging-Banner-48in-Outside-Graphic-Package_1.jpg?resizeid=5&resizeh=1000&resizew=1000,N/A,"$1,023.00",,,,,
,,,,,,,,,
Aspen SEG Fabric Frame Small Black LED Light (Hardware Only),https://www.wsdisplay.com/Aspen-Fabric-Frame-Light-Small-Black-Color-50-Watt,,N/A,'1-1,'2-9,'10-24,'25-99,'100-299,300 +
,,,,$31.00,$30.00,$29.00,$28.00,$27.00,$26.00
EZ Tube Connect 10 ft. Kit K (3 x 7 x 3 ft),https://www.wsdisplay.com/EZ-Tube-Connect-10-ft-Kit-K,https://www.wsdisplay.com/assets/images/products/EZ-Tube-Connect-10-ft-Kit-K_01.default.jpg?resizeid=5&resizeh=1000&resizew=1000,"Double Sided Graphic Only,",$203.00,,,,,
,,,,,,,,,
,,,"Double Sided Graphic Package,",$692.00,,,,,
,,,,,,,,,
,,,"Hardware Only,",$489.00,,,,,
,,,,,,,,,
,,,"Single Sided Graphic Only,",$179.00,,,,,
,,,,,,,,,
,,,"Single Sided Graphic Package,",$668.00,,,,,
,,,,,,,,,
Cabo Booth E,https://www.wsdisplay.com/Cabo-Booth-E,https://www.wsdisplay.com/assets/images/products/Cabo-Booth-E_01.default.jpg?resizeid=5&resizeh=1000&resizew=1000,Graphic Only,"$1,694.00",,,,,
,,,,,,,,,
,,,Graphic Package,"$4,799.00",,,,,
,,,,,,,,,
,,,Hardware Only,"$3,105.00",,,,,
,,,,,,,,,
1.3 x 2.4 ft. QSEG,https://www.wsdisplay.com/QSEG-40-x-75,https://www.wsdisplay.com/assets/images/products/QSEG-40-x-75_Graphic%20Package-Full%20Custom%20Print-01.default.jpg?resizeid=5&resizeh=1000&resizew=1000,"Graphic Only, Full Custom Print",'1-1,'2-9,'10-24,'25-99,'100-299,300 +
,,,,$57.00,$47.00,$44.00,$40.00,$36.00,$32.00
,,,"Graphic Only, Unprinted",'1-1,'2-9,'10-24,'25-99,'100-299,300 +
,,,,$45.00,$43.00,$40.00,$38.00,$35.00,$32.00
,,,"Graphic Only, Clear",'1-1,'2-9,'10-24,'25-99,'100-299,300 +
,,,,$53.00,$43.00,$40.00,$38.00,$35.00,$32.00
,,,"Graphic Package, Full Custom Print",'1-1,'2-9,'10-24,'25-99,'100-299,300 +
,,,,$115.00,$107.00,$102.00,$94.00,$89.00,$84.00
,,,"Graphic Package, Unprinted",'1-1,'2-9,'10-24,'25-99,'100-299,300 +
,,,,$107.00,$102.00,$94.00,$89.00,$84.00,$76.00
,,,"Graphic Package, Clear",'1-1,'2-9,'10-24,'25-99,'100-299,300 +
,,,,$107.00,$103.00,$99.00,$92.00,$88.00,$84.00
"Big Sky Counter Silver Non Backlit - 23"" Top",https://www.wsdisplay.com/Big-Sky-Counter-Silver-Non-Backlit,https://www.wsdisplay.com/assets/images/products/Big-Sky-Counter-Silver-Non-Backlit_Graphic%20Package-6%20ft-01.jpg?resizeid=5&resizeh=1000&resizew=1000,"Graphic Only, 2 ft,",$46.00,,,,,
,,,,,,,,,
,,,"Graphic Only, 4 ft,",$69.00,,,,,
,,,,,,,,,
,,,"Graphic Only, 6 ft,",$89.00,,,,,
,,,,,,,,,
,,,"Graphic Package, 2 ft,",$379.00,,,,,
,,,,,,,,,
,,,"Graphic Package, 4 ft,",$499.00,,,,,
,,,,,,,,,
,,,"Graphic Package, 6 ft,",$599.00,,,,,
,,,,,,,,,
,,,"Hardware Only, 2 ft,",$195.00,,,,,
,,,,,,,,,
,,,"Hardware Only, 4 ft,",$269.00,,,,,
,,,,,,,,,
,,,"Hardware Only, 6 ft,",$329.00,,,,,
,,,,,,,,,
EZ Tube 10ft - Bag,https://www.wsdisplay.com/EZ-Tube-Bag,,N/A,$62.00,,,,,
,,,,,,,,,
